{"IoU_per_dataset": {"fg": 0.6441027018519908, "bg": 0.9846813322189633}, "IoU_per_image": {"fg": 0.6057637462273326, "bg": 0.9846211992712086}, "BF_per_image": 0.705997605751372, "accuracy": 0.9850945624879854, "num_leave_pix_over_IoU": {"0.4": 1066258.0, "0.5": 303642.0, "0.6": 747847.0, "0.7": 1431648.0, "0.8": 1858220.0, "0.9": 0.0}, "mIoU": 0.814392017035477}