{"IoU_per_dataset": {"fg": 0.7012584932537198, "bg": 0.9872728241884431}, "IoU_per_image": {"fg": 0.6836565793411252, "bg": 0.9872213282617839}, "BF_per_image": 0.7522999441109763, "accuracy": 0.9876420213090227, "num_leave_pix_over_IoU": {"0.4": 965857.0, "0.5": 63705.0, "0.6": 107931.0, "0.7": 668325.0, "0.8": 2278472.0, "0.9": 1323325.0}, "mIoU": 0.8442656587210815}